Company,2021-01,2021-02,2021-03,2021-04,2021-05,2021-06,2021-07,2021-08,2021-09,2021-10,2021-11,2021-12,2022-01,2022-02,2022-03,2022-04,2022-05,2022-06,2022-07,2022-08,2022-09,2022-10,2022-11,2022-12,2023-01,2023-02,2023-03
OpenAPITools,3.41954840383727,3.4662383089486557,3.404087907863484,3.2382582747121083,3.1179311776929857,3.0632540356776308,2.992983400608097,2.7554403606519755,2.4928988206464644,2.320262921276049,2.2020572311576996,1.9592705667227428,1.90073503776645,2.0456250488162837,1.8569522388077264,1.7104429605138871,1.6834744838273,1.7231827466655942,1.7705678059822072,1.6917439569564456,1.6144544458551324,1.5722155002605254,1.9145764781417944,1.8992274336866297,1.9451850789007743,1.9896963410064434,2.140500569129475
AdguardTeam,6.357205338495664,6.3962219990695415,6.360606071271418,6.210656419530242,5.999377219335692,5.996909685339912,5.858863916484792,5.5773125211892935,5.556172219542656,5.405112806898993,5.372361436941001,5.039708368611211,4.986806249496854,4.873479801002929,4.660146131224581,4.685585846426587,4.840468653499878,4.858631739643071,4.680470350792893,4.570204798776784,4.587550633262085,4.674991784306428,4.726169064666253,4.864183212405219,4.770755439677362,4.647461988571628,4.71864793673201
pingcap,3.4856063289918815,3.4197991767204314,3.5082540824127015,3.3612781556690248,3.242179135377366,3.4380397498436044,3.584164115572936,3.3463103448814455,3.3335312305336253,3.1342458899332497,3.0711471302851074,2.81568919950554,2.5416016367076306,2.574897830615529,2.46781381581992,2.2238050151436273,2.0545319436568867,2.1507240673846773,2.3282226574208504,1.9226870710861501,1.808472150577338,1.4885137184188748,1.7544883549210037,2.1124088388484132,2.437045959132348,2.468633180758619,2.597789619435608
cms-sw,3.473443637811332,3.287872498132643,3.2670417449467744,3.1451618946551396,3.021369318099305,2.9746855992355563,3.072330869761587,2.8721386962487854,2.7947315922695086,2.7419631490135936,2.8047136625112357,2.578427809672677,2.237044091956755,2.2837274143856683,2.1492206197146317,1.980967939579274,2.2774854841880567,2.453840994481922,2.4427808574378105,2.3678881702169234,2.148441389377381,2.1432274158277353,2.0340396114750527,2.182288053614454,2.2466942394258913,2.2239356131786256,2.378639334934663
microsoftgraph,5.610886906351483,5.58198651851653,5.54361768195046,5.353453046359128,5.256742344521773,5.409261999079406,5.339374840963692,5.103293179662981,5.051782731798705,4.612214199109584,4.25961661307081,3.8616071305668385,3.9108699732673338,3.8477595098446424,3.8981019229951688,3.5819352981114725,3.6431571231483013,4.097632271439117,4.024835371750346,3.8601528759254062,3.7060566549063827,3.6157608641763885,3.548209882329748,3.5242670703398375,3.2774809940468237,3.20844755812605,3.498937509142127
MarlinFirmware,5.394265906873874,5.311845731815473,4.9126213009611295,4.642702562143327,4.4240835861421095,4.314285061168004,4.1900296976004086,3.90333273385738,3.513880075991138,3.2491769176864786,2.9642632858982463,2.6483186594708714,2.6571008549104382,2.3299496481260373,2.021730640706894,1.9783559230996004,1.9762559245198816,2.078876908005088,1.9884084989350101,1.5578168504546315,1.3456083142551356,1.4126262953104698,1.3351974431852185,1.741833429444648,1.8178558528136555,1.780639434645313,1.968641151165178
conan-io,4.291375327730463,4.361379656065639,4.328275435690859,4.17563014012994,4.065488642537866,3.9251213299827645,4.155272870894217,4.151328780581952,4.005900007274756,3.7681145514011067,3.620816206172206,3.3005416832979275,3.158848183029781,2.9889396871090232,3.013389083186362,2.909922120161464,3.0320553050835644,3.0629638359425524,3.2533201742331275,3.484004563884096,3.4410959453086334,3.5729278993901725,3.5801825620637246,3.686253485404338,3.5850287379000894,3.4803723389244667,3.581461917365055
pandas-dev,6.3229892413652315,6.314985198868018,6.121441026747192,5.923317774793226,5.524532041156753,5.451712599876525,5.387914771974573,5.108836823350982,5.038360289241725,4.784184340287788,4.62223103209821,4.288653486140461,4.186406355614455,4.024530111917862,3.9814548141593042,3.8182980100979007,3.6322523748258586,3.6146150677691,3.3495937917624192,3.0215899484392286,3.094416809076304,3.3267078947999265,3.498125111963987,3.8099466344066153,3.7026737956063447,3.7308114105884314,4.053559687135154
Ultimaker,3.790828516142787,3.395739321906795,3.176856341419196,3.766730825105569,3.6679078268192513,3.464288051709354,3.4197633697251324,2.974176620099918,3.00067494803985,3.01583275125725,3.2179169191981867,2.812244716143666,2.755304265972149,2.473110280523896,2.032704405814002,2.389673954042392,3.0898022827236433,3.0918217147332814,2.964609056294356,2.8619280985289364,2.6729954374125033,3.12456062771499,3.0345002540582846,3.3617181638750187,3.3194979522798977,3.2363139763934656,3.7243434522324015
influxdata,2.8100046662357245,3.113220032927831,3.0973675645154612,2.844244822583736,2.3052737312571248,2.3421363132192283,2.3922364403952265,1.9717311782986433,1.67772832875971,1.613691878317698,1.5777498951114044,1.4914532584165423,1.4118133170026117,1.7241323664978516,1.5408989276071745,1.212272776773516,1.3348254764475194,1.3274821774914134,1.4023304751354508,1.1631444831708666,1.0613651549574303,1.0419427735361482,1.077866806787085,1.1508415291693646,1.4079122067852121,1.4711961291521367,1.5164738019332602
zephyrproject-rtos,5.928823236206931,5.812864576536735,5.866354055736539,5.802387753183465,5.644751329797048,5.597272551437561,5.682792913406187,5.3397534012222225,5.45226461206911,5.3060056483194495,5.3057689602682885,5.043335921222055,5.070034146899687,5.025369252803211,5.216288247705097,4.99803644396423,5.080904322135609,5.4533811200393165,5.479352856169842,5.468032281940672,5.452118599623532,5.370550093700767,5.345527545689963,5.274323771472421,5.357789618948285,5.270815049839219,5.48239294137142
qmk,5.398253400412276,5.4890948849038885,5.37174762807151,5.17055135799835,5.00399100178632,5.114911957724247,5.1359355825373925,4.858865709124471,4.891232502223096,4.620197375159288,4.488921144564093,4.1225239537277485,4.183875624653808,3.94055390607746,3.9013345151301597,3.5235123666835917,3.538085365984094,3.6134429309947076,3.6658065930585577,3.5376327731661865,3.416900531196642,3.408411869649992,3.4039402687802247,3.373287176628518,3.4100844413809024,3.3670521179303305,3.556919000312983
mrdoob,2.9976065540925365,2.992526498064146,2.799218344092523,2.629602014548797,2.325487004010209,2.22159609508087,2.348369235811796,2.0833086875219498,1.7605786127828051,1.6819338698184758,1.5980585252513428,1.529254421613782,1.6536305467764607,1.810728591530447,1.4707075574304675,1.3509161685478805,1.4869937666561834,1.4670588625467411,1.1471006045348089,1.1038704006194837,1.0,1.0,1.0,1.3228153304808463,1.3016054008468987,1.3650023360746242,1.6484102305564579
rapid7,3.5166395933549297,3.562824057850187,3.3733829002010816,3.2444525851079447,3.025089546073906,3.007328013889089,3.1489327019486373,2.6557075497437514,2.4025888543604665,2.203626490707244,2.0994814386985112,1.7516541645729269,1.3617022047541731,1.462311035979931,1.526018004210595,1.3235163370948482,1.352205355192231,1.5035867145984598,1.5763244529430351,1.36198612566354,1.3402199854425398,1.5432236710571896,1.5954565061528556,1.7702603267596537,1.829289316772133,1.9690922711351073,1.9797861140199142
ccxt,2.299860674858009,2.2775847188289804,2.060058714622988,2.0267750471645876,2.072422403850057,2.168907663701776,2.215364356301234,1.9068588708592542,1.5672400199526613,1.698809814976399,1.7894578484437225,1.842399641605187,1.9761597254538321,2.185416410498598,2.0876429216684675,2.0451937368137245,2.3398894765151406,2.6223153522637475,2.6324752196867998,2.5295632620226183,2.4570266988664926,2.504446352940663,2.622273679013565,2.8034022902678037,2.881034187436878,2.674941716886724,2.883950585337619
JuliaLang,3.8317955076869517,3.7040705885475482,3.6119385882396564,3.6920496725564216,3.1934515491758093,3.067898977692643,2.9509790065692503,2.411843207565809,2.760854528563793,2.6108369760467407,2.789416508340066,2.254393034937787,2.108916970238486,2.3038858721424083,2.2467069103538595,1.8349212921258227,2.1775292266690585,2.1196598061239413,2.0421598180551888,1.6624697172292362,1.8842649459918845,2.060348081360957,2.1124540644018728,2.3202075440625753,2.435618226337263,2.309851999331372,2.2410649602059296
jitsi,3.408679602270354,3.3591782386274316,3.2965624738007224,2.9354635288775928,2.786148861402596,2.7123505460330826,2.868977642866626,2.4420656785121486,2.3776973376780344,2.0986340466951985,1.8430610516372012,1.867447447424483,1.6912047231501206,1.6990134954815006,1.7463703839604197,1.6723413378048182,1.5108979809049163,1.535175018063792,1.5341014091757477,1.091421171838757,1.3540607086958207,1.2626027996341003,1.1546941597738798,1.2366657068560858,1.0,1.1612181099988181,1.2245263760850231
WordPress,6.250864973674082,6.198303226718474,6.258094028276403,6.267387628921698,6.504042011326603,6.178993575851581,6.095423965291149,5.717624678019006,5.763220276781858,5.527145394621074,5.473137997680189,4.979362513674608,4.995905912448752,5.128638958970485,5.18085474718274,5.004125556843634,5.100893362506363,5.042507124601807,5.044501512865377,4.951929130411097,4.919841200558292,4.788042318206031,5.055121155480449,5.100617802299988,4.869937351475166,4.7864911299806625,4.924699957952826
istio,5.895461160982155,5.723968403524277,5.50511964439411,5.403504570545846,4.936245322544284,5.015837434214865,5.12813629024765,4.8121974567822186,4.647590797305441,4.407144132539711,4.268150929164139,3.841386368936075,3.548500241102918,3.6387542582776895,3.5753413071236384,3.512234073536786,3.7125667236847693,3.596633751587459,3.4590407890604356,3.3744889511290683,3.1443533399266226,3.011902350398837,2.7333640793766163,2.990625359431779,2.991966142637881,3.1164846706821714,3.173486881728059
qbittorrent,4.353855566088802,4.3823457683635745,4.521631065499436,4.160481008165758,3.815353634234554,3.5129926306895323,3.324086030889466,3.180552850909184,2.6999235060555806,2.597479130110887,2.5591459426493053,2.0525956080049745,3.6709814991160186,3.467253327469473,3.352325764945148,3.0198457243510943,3.1029378393408455,3.0674253778030818,2.9896611335202548,2.7302245432995558,2.362584285891525,2.1707934519666705,2.217431710917689,2.461769564690977,2.2342235390161194,2.056216321382809,2.1276164982484294
DefinitelyTyped,7.269299767053655,6.947757276199934,6.902705920189218,6.6921880475386635,6.62984848876069,6.677444917490401,6.4748081517121285,6.199817149666779,6.018974048000036,5.807713157656756,5.728404328230473,5.136161776915718,5.022024192405491,4.776206948958366,4.6900539265503145,4.451329488559988,4.480110166858101,4.352306176536201,4.229830051670933,4.03016678439656,3.900866361711414,3.91392822371729,3.9096086200003013,3.5509031101144832,3.286945554708668,3.364076660568981,3.543787545576551
grpc,3.288116809837171,3.0922464120974,2.935455668047969,2.8527379212841213,2.281508726537525,2.304893117974186,2.5320438813245865,2.376017164858504,2.338238154662639,2.2183978091625285,2.3200726806531025,1.822857451849789,1.7394257296192648,1.8582978311275684,1.8113974867913578,1.8307176723581895,1.9175009512708199,2.1682529803134423,1.9934093354175837,1.7497796135050818,1.820071450389038,1.9932155410018182,2.1263730644970913,2.307463545576778,2.391986567399366,2.2457339313486235,2.392661779425293
elastic,8.393543905377012,8.426317803110653,8.303925014365312,8.158767794616598,7.869756325280088,7.950188249796686,7.866044260621028,7.55397859132149,7.671506306667317,7.538651280369346,7.5897096799835015,7.129758354055938,6.957886867358763,6.754804896762456,6.824262726895914,6.535139717738586,6.6509051751754225,6.703782769514922,6.554792520512152,6.452868533026948,6.565748295759125,6.431298692860919,6.558010427795898,6.557085427885105,6.348436114452018,6.32271399669304,6.27506946878188
Azure,4.781010482037247,4.8685543397993625,4.963182191600389,4.920169586388326,4.834675110201987,4.739883824947482,4.61284133086758,4.46490773300403,4.313511605055853,3.9898122697215697,3.7999608115742665,3.226112030482709,2.8766275353083413,2.9981423142069707,2.946160348380065,2.6656862049613568,2.877707995103411,3.104784793133476,2.924914192483299,2.796840380453506,2.692555272573494,2.756432401171558,2.748445752963445,2.8710188106106562,2.8835817452644834,2.8281225517034585,2.8379126188045083
MicrosoftDocs,9.594498754010218,9.607455906124923,9.644396574074461,9.456096041676952,9.104954425576764,9.137307661443947,9.014353830505204,8.620087722558976,8.748735410828907,8.554729286029765,8.504731909092715,8.174673444287864,8.100793662290098,8.049457289489865,8.299075056610649,7.891930347101307,8.082364357334107,8.09852068491622,8.030907711358424,7.9579542955489195,7.951388937436018,7.845131587291161,7.909444305676598,7.688938825121275,7.577995879115138,7.547703608260049,7.708610779546852
ArduPilot,4.016209545637565,4.066586116751355,4.06158007823516,3.6403763487844434,3.2385426296384905,3.4556688150728743,3.596984785076908,3.400622273840326,3.171175460457285,2.918449574161275,2.7637874546607923,2.2969225751089475,2.285124498569749,2.120543539335804,1.6557428064032829,1.7653216656372523,1.909093947572995,2.011258918747087,1.9766709114266936,1.8084491749725091,1.6791200445156211,1.5970370140286236,1.7738514810024104,1.9627414802857128,2.137506672291142,2.0644078083494755,2.3130406092728704
systemd,4.542076717452568,4.6750390721298976,4.4824262267297215,4.408610167908673,4.1901843801324645,4.010322248898844,4.139000991974044,3.838840891427948,3.640148392357621,3.5330820564577023,3.4567706365208632,3.299073190350502,3.0851266311553416,2.9933886055577412,2.851831825305565,2.6573494378524902,2.8577353489801434,2.8994006789431177,3.131486353454945,2.9263547739920766,2.8685984166576737,2.930933189479639,3.243432961798008,3.3767695337628334,3.335934795655724,3.168954724831768,3.3634827802347074
bitnami,3.99063782944044,4.0099839391440835,3.895935316255396,3.6566743536789845,3.1553942460493727,3.166929376008836,3.34511937724864,2.9611330455562648,2.880065952236757,2.6900393551210753,2.688431299454705,2.143321234895469,2.1801924002491924,2.322836245137049,2.539134420580335,2.3518612247410955,2.819449182871403,3.0842916431832568,2.605692237203793,2.286798073622194,1.895240840624606,1.7182855997671997,1.8083565767407328,1.7216010310350123,1.7996734186373384,1.7252869334360852,2.0262983098989182
appsmithorg,1.0,1.0,1.0,1.0,1.00187236308958,1.2985023945443006,1.603686167883339,1.426356489237615,1.427855476167846,1.4913241350005453,1.6702383306563595,1.5537617507550574,1.5301661421997839,1.8195349575871473,1.9523694290471094,1.8931686368766512,2.116776040515453,2.3589145462466274,2.3324455807754565,2.292995093565677,2.282181502667793,2.419342729837676,2.5880544592690162,2.794482010073609,2.812213462194996,2.7940289082158687,3.04805114287533
go-gitea,4.468273015813999,4.219576878441989,3.9897338166370417,4.016149816366264,3.6266819116144036,3.6300479140280686,3.7222249471146442,3.2800599505708545,3.077332343426106,3.063629342820329,3.172098675130871,2.7936635080802494,2.8340666223712363,3.022953560034523,3.049821200958887,2.9038439433937207,2.938823451797086,3.167346089335017,3.2001766923949484,2.946152611080198,2.6874289187347387,2.876278443229806,2.8655987113220345,3.0756389885273516,3.1507547460876624,3.290764604929534,3.4860164884817046
Homebrew,6.448677600443234,6.55717737833567,6.4890561082210745,6.301680823757563,6.203258523760254,6.179269135861205,6.394501801289132,6.204913126786615,6.293672513085894,6.18873942308145,6.244229817646324,5.864275636959993,5.5925538292458485,5.404372530891018,5.339441512446907,5.104512644857799,5.267408861911404,5.3821100122768035,5.408691318629738,5.21121888170914,5.308270486878354,5.145423624342523,5.2031632486820545,5.301680562631029,5.333529258603293,5.213164880916725,5.346472521902393
tachiyomiorg,3.2210994474307637,3.539874826381498,3.3716423393557817,3.4032224653318592,3.8418944909673924,3.9946445154938903,3.969323435574419,3.868745688224002,3.7579046777621605,3.437123099339919,3.155910697695979,2.9638605076443203,2.6711959851413045,2.5794987241817937,2.6383573429241842,2.602277211744548,2.5695225595840236,2.75820950153461,3.0623676940793634,3.1200567065567437,2.8371078553052764,2.7227618528757893,2.8210028259701683,2.733623706650367,3.0786483018679958,2.903858690921761,3.26206100686627
zulip,3.0288897042886838,3.142314413424842,3.354443779310564,3.393940328765273,3.0727657022637853,3.1883099543988256,3.3463400617813313,2.946769473990949,2.6747208015787605,2.5571294851837285,2.49639503223229,2.23391801843185,2.215213436918045,2.2223687437342106,2.220684171278049,2.1481115244676694,2.0324032566997428,2.143900574401786,2.0835041130831944,1.8560108466669945,1.8928341367807286,1.8972497235351096,2.127749729310361,2.4705575274054796,2.4984907821789193,2.5520072145107555,3.0333645150573147
trinodb,3.645672757199291,3.733155058439786,3.8112929702440987,3.6006878103517046,3.4354757813717245,3.6023366207528817,3.757839395767384,3.5672001406754035,3.3725563906033513,3.2378347033647032,3.176016553255692,2.899783677255532,2.904934965099052,2.98272341913785,2.9979690455077144,2.78003945673533,3.0186789531135854,3.1006741860251967,2.9728069946673883,2.8168869268193646,2.8765095665950735,3.0403483642880507,3.2151133130170133,3.2204373565754,3.137192292723082,3.3397632487945184,3.562271012660378
ray-project,5.095592651692759,5.176091428305718,5.12838859597425,4.921862416377211,4.717553986804569,4.813026776155162,5.05522744453669,4.85466551681408,4.965265268065263,4.859919439589371,4.9264629329246965,4.598714417696174,4.498799339558231,4.380706668060279,4.469356768361507,4.339764278451192,4.533699265464858,4.756451624071912,4.699733671512439,4.63915058822727,4.482031380874003,4.488964980744072,4.600793004169853,4.631969373876821,4.594970346051427,4.563647454046855,4.664955325705384
open-telemetry,1.3516149578904761,1.1693372694750401,1.2318339576208601,1.0482802791337371,1.1269323713289214,1.2944661096991044,1.4421820929329188,1.5407581420078942,1.188793268659055,1.1771495777339354,1.120697422822827,1.2284002898041917,1.2392679287603339,1.3629942802543193,1.0679815753283688,1.033916239288911,1.5694247164876125,2.06576815042888,2.161755366603929,2.0785944319871685,2.122169696383642,2.011951166058566,2.17192011381887,2.3162445253101067,2.337062827213514,2.575074212750279,2.8488503269074608
CleverRaven,5.279691765967332,5.167508398829349,5.00327989698215,4.657648847084923,4.323048044869439,4.172217057856029,4.748405018092591,4.552992455463377,4.394644895368248,4.12790534348076,3.870533756664343,3.7347434533132944,3.7820556735606177,3.7069733216611915,3.435716710650803,3.4963187114591094,3.5154656461068203,3.7871745158981103,3.8612849518802017,3.7176323074734072,3.808732360813783,3.630158967710826,3.5254360958008832,3.4874882828845797,3.241358820739216,3.1569569035332656,3.8160032586193813
quarkusio,5.069505296224236,5.208806296505506,5.117981892875024,5.0548113853420915,4.8502469948367395,4.878450955674497,5.036335727492455,4.567354399637001,4.518617400050548,4.330603386863591,4.320209062944251,3.755802062170643,3.7883858798604164,3.7539002962629167,3.6562714243570826,3.3389417688273473,3.485162399190631,3.5876573653017085,3.5536132444531296,3.3619175884817176,3.30733950323151,3.1187215895799345,3.239480541735275,3.4771457567778423,3.4413765862403713,3.389169391237622,3.674476979479282
SerenityOS,2.8769380788933656,2.8030942799314693,2.908109436815974,3.265316986652352,3.268938056446178,3.361848044913976,3.5879208614939513,3.2592247199088122,2.930010450493566,2.7419631490135936,2.6187163535541274,2.204044365501927,2.2426840441785614,2.5530850572523747,2.5701218469484672,2.3199091437465373,1.8241551492841295,1.900045312370243,1.774186182401298,1.628460464390559,1.657162647632964,2.093611381116331,2.247157386699953,2.634434815076072,2.5034598944029094,2.4081740228001625,2.508505518154511
conda-forge,3.416303421500699,3.3177629529099035,3.2071931726470484,3.398108116645874,3.0083205647132014,3.3374096258075494,3.1884112264972972,2.7252218925918648,2.4456647946007566,2.363119618286345,2.2740107227960777,2.2658888947320355,2.1416889184475103,2.7847271962246882,2.5708206128064583,2.3715222336478012,2.446785066397994,2.5308457740475556,2.776857464704082,2.3780382417168195,2.0943231768512547,2.0580869224578455,2.484932399344679,2.352839307836992,2.105605083768026,2.193877764209047,2.258932823532301
argoproj,2.1015284333283084,2.2324142398928952,2.061797687370882,1.9104556241793773,1.3474176600455103,1.597053761782117,1.9322473000925537,1.6895451908642625,1.0,1.1771495777339354,1.3005948024793026,1.0748467922857108,1.067281158554397,1.6523687230897433,1.7397501588390472,1.7945977942783613,1.857290079496484,2.319183993640518,2.329671030890559,2.2989445153011507,1.908717706043876,2.2541369882202393,2.2729229077639,2.39663512540731,2.4636380425872515,2.7338398041361174,2.860235202356572
azerothcore,2.1241847573877948,2.120215748499758,2.2491736523234787,2.3894107098622754,2.0317225690528913,2.183333890226022,2.622545743616925,2.4765088831744615,2.474355290795398,2.37730139277778,2.467910413023457,2.0783436803883566,1.9724228588941246,2.021036995644203,1.9265018070016016,1.6398526765877492,1.725056090698696,1.8568922985575154,1.8335478106234462,1.4720878386482463,1.2807657178452125,1.3518310525829713,1.4790319196463177,1.7213212299377785,1.7868562971589117,1.7325233688233581,1.9956695912969225
dotnet,6.411660557479887,6.404715877676302,6.473847393514786,6.498176359560159,6.102647066766768,6.36775613316232,6.489978381287489,6.2183025104515,6.112960778989669,5.7244347381500855,5.5096242975004035,4.7083596188350345,4.6892905548494035,4.513649398587024,4.407832526622166,4.169155799586334,4.318737680395717,4.613941152773943,4.4107436047171955,4.267086811430461,4.132922972587489,3.729651306281894,3.7470836945279737,3.900473950277577,4.08705353862661,4.2060174862994,4.213494338047243
ansible,4.525472103804502,4.396847833013053,4.11694977980869,3.919450432708827,3.4482881378706165,3.4926631777573647,3.1891043383639937,2.5600309992993626,2.151748392932714,1.927727430185417,1.6562587407568143,1.5153701740230532,1.4217589037977945,1.5180583428037382,1.525713721213148,1.355362046605766,1.348225968712029,1.5662055838147548,1.514230224370945,1.296003560502753,1.482862323964856,1.3909262867129317,1.3504931789622459,1.0,1.4416290033720816,1.4944537364991661,1.7506154070593227
openhab,5.102655151007128,5.01287686702945,4.740017128219044,4.37121124292182,3.8295042769991863,3.5343012614465055,3.670996374332001,3.3062927996348113,3.07455561299853,2.8688327541136607,2.643543850514352,2.574009963589894,2.5636661015165365,2.5170418005110395,2.3457700969164845,1.9531913511452605,2.0353431857507225,2.1858335694255437,2.0949256895640653,2.014035390821956,1.923608214503735,1.9485005469098027,2.005740997771069,2.373141083880678,2.4426420339595856,2.230760655759597,2.4065268086263907
renovatebot,2.4876633503712022,2.630995465044985,2.619661721379061,2.728168081825236,2.5042675671477808,2.5666397753908896,2.4620001106232134,2.6122095179057263,2.3698951571530467,2.203626490707244,2.144081567092263,1.7330615555438227,1.8639484691413535,2.2594740821440142,1.9659870628186846,2.0433953108750846,2.21432420305673,2.398491422242218,2.5839293944409008,2.5390789487072167,2.411496499265292,2.5765276739141303,2.5058892066605134,2.5564634356422773,2.4771382688653745,2.6562315175844775,2.6635397162007317
PowerShell,3.9732439607193517,3.8161829637836697,3.644429075016505,3.455057025643209,2.5959421742022273,2.9666702784347,2.8146946356266795,2.48631295836714,1.9184310911787659,1.9750843294842109,1.9955857830417068,1.7670548546783453,1.7526817459719979,1.5958571314126373,1.4450088427314995,1.0749554039339158,1.4630971081734734,1.1763487896443448,1.2126882044575842,1.0,1.1406341563632447,1.3403730987353542,1.8220467128097932,2.034548467307131,1.9560042384534566,2.0187207578070043,2.230529373905953
vitejs,3.0466344086235435,3.268601061432859,3.5247904025268517,3.4883438727857037,3.2448750034041223,3.4256853664794122,3.547239971442639,3.063043906024091,2.6392427562778984,2.650638775416941,2.552053028770755,2.6574777901138726,2.0042155564314807,2.1887208917469594,2.3568560668502005,2.602165840611831,3.020859620663495,2.9289498970100163,3.142773882100625,2.792336662911487,2.4165296914262253,2.136828845896268,2.4327379400505618,2.493589772999634,1.9904995233577774,2.2333737655444876,2.5720612719165237
opencv,4.410998947259117,4.283627830103492,3.705301098989312,3.414379419635439,3.2704516407631674,3.387935968318794,3.3928844182304965,3.1786941255379566,2.7473523775952735,2.63741649141744,2.5147079865292463,2.3047779514068205,2.142377358738112,2.150421344118234,2.0415146243989373,1.5483252676985129,1.0463814668422042,1.0,1.0,1.1943410071871,1.4381953422418747,1.5675171558347003,1.8418866685302846,2.115825128928093,1.9410734129672425,1.9040263555111374,2.0733152066123846
void-linux,4.804364880443053,4.698831096954299,4.559804323609962,4.404196349510176,4.031623717681357,4.0365353523872125,4.184034445094239,3.9047861614657,3.5992850087563557,3.5436001830124235,3.5705089063461886,3.157097476635533,2.8619957517300683,2.967763915560486,2.8263900941514395,2.796711475438916,2.8827659108669446,3.1054010115109203,3.167784466442173,2.9331336885625805,2.892076845714243,2.945680033744288,3.0337063955949817,3.115504158523713,3.095014140140413,3.030928258968234,3.1336946418308718
sourcegraph,3.2927588278424733,3.2702976344187156,3.253479259584971,3.1288754745827645,2.8560134707313978,3.0198390969900273,3.1755664375262165,2.87273007870395,2.7651706133414136,2.767668651260249,2.920424355952999,2.554638824635852,2.5875728805291,2.7288101744971183,2.7295368400737914,2.6460224701556347,2.815293499900593,3.0181710777384376,3.0127302111326095,2.866558043269907,2.727496583661627,2.722125763674805,2.981153180294568,3.208980008332209,3.0441117665248485,3.122822012604017,3.3262661433516545
cypress-io,5.1915018601725125,5.086286650884113,5.042078359237046,5.074857649437695,4.580863507340943,4.625036350391854,4.60874666737149,4.357762744225273,4.442937097513019,4.330603386863591,4.358714965139756,4.091981098567403,4.188282936434254,4.3514487865800335,4.668734045061664,4.585764626075352,4.651807975371014,5.220810381755632,4.961503109127639,4.996127668134587,5.110139074602485,4.962995285169015,4.800822307918048,4.793935910963151,4.5451529127081285,4.60193974817189,4.593874355868275
kubevirt,1.9710831886555797,2.2995575687583,2.293500207820491,2.227580935662947,2.0337996035104275,2.0581888377104045,2.337181438530541,1.930860880041126,1.5067459487672041,1.5090415428409818,1.5602068552892587,1.3093486351123054,1.0,1.0,1.0,1.0,1.0,1.5042055200640452,1.952690799266278,1.711415391278577,1.4440504994566403,1.3812264306448723,1.374083906238684,1.4979236070314992,1.4843159532339518,1.6085768802160252,1.880774128397263
tensorflow,8.36298715232046,8.239142146884546,8.228780120039701,7.915716718736495,7.552928104625778,7.515903351626626,6.999284739333294,6.460248641686048,6.253075986092845,5.95214971226539,5.698521145106916,5.2616587804381165,4.951133882925886,4.5049492650007625,4.515297519949675,4.146790127058203,4.124904985528588,4.197449535368818,4.103500696770706,4.183560807744355,4.15989912527388,4.071482960377064,3.806331808436727,4.0113655831636095,3.825203937197576,3.583349945549903,3.725874828355936
rust-lang,7.944505764953753,7.944740832406168,7.742222242629736,7.571388145554106,7.538814404283954,7.278361612301306,7.473738177847184,7.122040281286637,7.3065772327677285,7.128560022826111,7.095691301424842,6.8438664113146,6.6776764483084365,6.492568095715914,6.495292229147532,6.432707470945337,6.477188812319829,6.70558197879751,6.697457367934538,6.789506510312891,6.846178849033382,6.637596331445748,6.772631639320687,6.9120416756225005,6.7499702271538204,6.629877524732987,6.73950948155295
DataDog,2.605574859307384,2.800888001838498,2.5219815014195577,2.3172661855286787,2.1618582128443142,2.2421724103416087,2.4405160350738893,2.092705277670597,2.0557624534958325,1.8797897141061597,1.7515446110461435,1.8317246143241666,1.6484786950822095,1.8932561218449762,1.9036400210905384,1.7773060242177892,1.705483519865013,1.8283787326507728,1.7392545726678672,1.4557468725891063,1.5843220148715553,1.750500808291732,1.8523732393810828,1.9799334772002843,1.9824901454828159,2.191008487035801,2.465941008848222
home-assistant,9.751424397463103,9.91828992302182,10.0,10.0,9.861849847918235,9.664824323686767,10.0,10.0,10.0,10.0,10.0,10.0,10.0,10.0,10.0,10.0,10.0,10.0,10.0,10.0,10.0,10.0,10.0,10.0,10.0,10.0,10.0
matplotlib,3.199382514466816,3.130432184063534,2.9624738298894857,2.8468495080939773,2.700898128953593,2.814560759747601,2.8846171863174592,2.328321636549896,1.951569372475726,2.00633980748023,2.079424802179391,1.8739487767000091,1.7930855460531758,1.7241323664978516,1.5365012879741675,1.5831707247909033,1.6617817803196464,1.683786886830458,1.4134826568962684,1.5106805558344871,1.3601964444241779,1.5256959901136922,1.644472209809984,2.159717181764699,2.033955790382539,1.9158701779779808,1.9558994171296091
godotengine,7.048237099701032,7.217074701875537,7.32429735655565,7.126219051243396,6.91371381584726,6.833747200318073,6.785091445842274,6.768617005989772,6.918199979329683,6.80488056592383,6.902550800042651,6.408593231981943,6.359280956123768,6.213687600435372,6.358615379163514,6.2426144574974645,6.358172581483631,6.500333710105581,6.533074382648684,6.812429888991192,7.110892763493862,7.125478011101808,7.189525029426647,7.333365652123941,7.2719245633811544,7.357021139356913,7.419043338767644
aws,6.075589067711512,6.167150322319778,6.206775259043128,6.082224571407452,5.691396411078931,5.634130102697189,5.725341889310123,5.23441151235511,5.377340777790081,5.28587905495909,5.376012941966715,5.004128257923238,4.982281749170715,4.912467939070181,4.864978088139196,4.438192142236985,4.278761563172376,4.4483060991168015,4.4344092283371435,4.254418811623692,4.325790393014502,4.133374544522395,4.275735168715659,4.335513084967722,4.2413444468708565,4.105874882351639,4.098356412012258
NixOS,10.0,10.0,9.962568455591198,9.999120630615257,10.0,10.0,9.843411638175287,9.621905313651322,9.932647565189091,9.810213514219658,9.882162882407544,9.565898924568547,9.544919151845555,9.30353791854775,9.386992431024531,9.410164318963673,9.623712455026276,9.62602735735177,9.556414617200154,9.501074868453028,9.518929985986528,9.489710073018948,9.55149592020481,9.67967968185422,9.554416465333968,9.463076469283864,9.497611534717707
huggingface,6.13414455446544,6.234408523740426,6.1580060660296345,6.029039365293928,5.578950105396136,5.570510515367373,5.357391018023141,5.07437920174963,5.04631719122942,4.714744927134438,4.438646805191711,4.260452980419162,4.340116879375113,4.38425799918964,4.532677840944541,4.490066421216948,4.728073292242339,4.629826095083281,4.403793350177079,4.229539449332091,3.974187824038505,4.209041580778733,4.214736207146341,4.417714236677924,4.482804343373598,4.528008343080638,4.717757097308489
denoland,4.250942094858278,3.7894261421543907,3.430758337571651,3.539298606973807,3.181084817267022,3.1588217341679554,2.92474235980806,2.4733663782396267,2.0944401448539356,2.00633980748023,1.9125330078448446,1.7898111811379669,1.339109978430055,1.4241845589549094,1.5728977712480998,1.5025567306926986,1.3796322442157314,1.5671190056302224,1.570466992115712,1.570300665076855,1.9147073186356955,1.8750588728784587,1.9498313938122234,2.029121181318012,2.1265847049893125,2.164858605420255,2.5815112549972565
symfony,5.089819531167307,5.090138260384534,4.9726880150959705,5.012203325134563,4.770570288871475,4.935001779897307,5.167465490174471,4.516660859631083,4.38489716652462,4.145954556176681,3.9529115584072767,3.7672663165827975,3.185506670067985,2.979507803009056,3.0247069585690385,2.8087728622160437,2.8952213374602316,3.2075705065331177,3.048135006335048,2.6995456682445296,2.709196774899736,2.5930000209649267,2.727572673139565,3.0692028396318687,2.8334039430348947,3.0461794538173126,3.189940840989552
containers,3.8936124717392673,3.7271232888860446,3.51005490115726,3.150998290274496,2.9408957783343084,3.1217663233950286,3.216843201747556,2.974867983811116,3.3256112694028146,3.01583275125725,2.966893073469678,2.6003170020638255,2.3748792442316846,2.4560629345140574,2.348236364492782,2.28443335322492,2.296773824313462,2.64132668578824,2.5486038091202365,2.5023439818811184,2.375135847663625,2.4247234891106775,2.5553280343876397,2.8103968281300213,2.573114602526612,2.4897503745332514,2.43773072990278
kubernetes,3.729080204916029,3.7413757415231825,3.577406514574102,3.2614981204237443,3.1650928546316575,3.083869620960029,3.096888909839885,2.7606772723593633,2.351483964393927,2.1439765784232407,1.9437223256916807,1.6547592094129595,1.561279976481302,1.5000692024510416,1.195036915467387,1.1470462198534443,1.3297084179812817,1.546056108505864,1.6446438280703453,1.411087966540202,1.3133214778762845,1.445686997226604,1.2794763596236538,1.1911060713099968,1.3390116799873586,1.49623706420037,1.7597410923270058
tgstation,5.328069480763377,5.303478442437409,5.13623486265309,5.108271826299151,4.748939648151417,4.75578060338668,4.716027108281179,4.343095276971615,4.4265640964347375,4.432328221359463,4.690160125162217,4.048140585696876,4.039473951172242,3.8926251285567703,3.934993082713027,3.861385540005463,3.985480795904257,4.008018435908086,3.966605926798459,3.691492387404669,3.5760818751734313,3.6653825315132087,3.8319832131785265,4.101507128021295,3.9960101841466606,3.7941738302671366,4.027496297229508
neovim,2.4465956147298593,2.2975499200246152,2.436831808102391,2.217451907765435,2.2406675734052675,2.713019470214894,2.7279326215560866,2.4440458300320578,2.697530237677504,2.676949909201073,2.8548896175119385,2.6668621774734738,2.44265344845898,2.350237440486069,2.4547599748954108,2.59514305404276,3.030709372884723,3.2000598924263186,3.125485798500197,2.7865685198573367,2.838158137992642,2.9014740723639285,2.7958767904060804,2.8290933455832388,3.00214700392682,2.7974713485630174,3.128435574270763
spack,4.059555355903447,4.075409725573225,4.0364841745327915,3.7095630401449493,3.4874663350978325,3.441816176197358,3.484235558828659,3.2968607550378506,3.4049858020687314,3.2264594801269086,3.28761370803708,2.7894824870801624,2.5965310020873567,2.6088168885666283,2.6343493382623366,2.6197232378380004,2.737493894552071,2.7114660683744978,2.414188837057094,2.5303477827449523,2.4985977921739533,2.5968336003940875,2.8026209517613543,2.893058306451503,2.932349724046439,2.8063094413767646,2.9765643892341
electron,4.856018867123932,4.587907540674601,4.645387475112711,4.2859452722196725,4.073932920730748,4.182701827626879,4.042614533996911,3.80283692549309,3.778535473980551,3.2942194814892125,3.005385345609499,2.2645221116320466,2.2987727182778945,2.4732284052979887,2.5927680360687733,2.4953612206195483,2.6937186683764947,2.715326040492026,2.7398737433817244,2.513389513411762,2.7159202686862463,2.7796945726566857,2.5717813447017157,2.4038086291786893,2.482026036021761,2.4663867718656936,2.630347009449022
backstage,2.792321778512065,2.963561480346759,3.1515480205364113,3.0230301433883615,2.761166148632394,2.9177223264736334,3.2073121908118734,2.8125439598673325,2.7390707322184022,2.7030851128406805,2.763391845985688,2.567690080312174,2.573542289843699,2.62930033734573,2.7458280726381163,2.594585149198558,2.839835393557865,3.081192882451007,3.0294134418674274,2.8107377256339783,2.878692721700281,2.984140241157294,3.091434031727023,3.3384769012390074,3.353605817926141,3.3831651961934743,3.436210060788222
cilium,3.489774699127585,3.356243630057113,3.3645477573200977,3.165930183676687,2.871256201571315,2.800719936029007,3.0370638933370526,2.6070228997406493,2.3776973376780344,2.2183978091625285,2.1842041011435205,1.7455705259928127,1.7810233003781009,1.9966936247646747,1.9177034563826636,1.886085500414881,1.9158485425639968,2.1184702510423197,2.2078405334793008,1.9534609241173446,2.0415057503194447,2.1793300524118315,2.247885505641637,2.460611781487712,2.635918426371293,2.719223352776537,2.937234827027286
oppia,2.8542254686365833,2.8970921771570817,2.898577088325522,2.8504110041559105,2.5274237783502604,2.594868748995326,2.5917135700641634,2.289659310736629,1.838230930091881,1.9435769013438007,2.0723491183859934,1.7800746883347012,1.8259167728555208,1.9341467110210364,1.7622992525333956,1.530199328717739,1.4162698033340357,1.4969283612351074,1.463653948192299,1.171561969525512,1.1915341666725368,1.4950498300627384,1.5668182970341675,1.639607593437117,1.8547336759125224,2.096767933198028,2.315896641159852
nrwl,3.0711242171097117,3.1644967001498205,3.1117475177819354,3.1334628934576454,2.9858494218682194,3.118029326809417,3.4711465121178424,3.252469530789313,3.074797146141298,3.01583275125725,3.0454658453023162,2.8007014066730713,3.0064576044343005,3.088693459891116,3.1834948404962833,2.9486409887101668,3.1904914792478567,3.3808524138540337,3.2863369649115888,3.236361673396406,3.433798932397028,3.5074817619088474,3.660890810782432,3.8955839559518957,4.025082863320931,4.138100057759523,4.2773021866893055
scipy,3.4517271822042237,3.3943491551669416,3.2694677906456433,3.4463675661831417,3.490658512951906,3.1455509623982567,3.3221885826243893,3.10639697350327,2.474073650544729,2.4195405707400477,2.188636842945109,2.256996249455931,1.7351498448699996,2.039294537382445,1.8537358627070497,1.7690448831821248,2.1062957130643873,1.9848110468248108,2.1487586031274084,1.9433166871630045,1.7225285201376352,1.8641141026731174,1.9376334061373586,1.912439434567994,1.9833534828617587,2.0014042962836482,2.110757172211801
project-chip,1.3945755628976497,1.4833547722536833,1.604743792215646,1.6419722504816519,1.686587316502759,2.0096462923157086,2.314420369520672,2.14576750639506,1.9992455359493495,2.068110808687045,2.2560335328755157,2.000292449542421,1.9876354191352665,2.2642121933590627,2.374773364787954,2.297819682863516,2.551069029135469,2.8550916959831003,2.858549642870806,2.7040503284626736,2.63844552554262,2.6630505823756883,2.6734281746577406,2.7820233107905645,2.770593926557928,2.8143445641345037,2.9909112843134222
ziglang,3.1301410870459954,2.7368068190629207,2.862197320960328,2.6194475351596656,2.275807582467892,2.5194147924999033,2.680070465220534,2.0577516332108834,1.6735825633041124,1.5442372314104569,1.415464593338093,1.2950097252051238,1.210366704276701,1.5685576937418615,1.3622851189658554,1.1988996360950988,1.191440536777019,1.085640894672218,1.215096365468754,1.3995811594317449,1.4766187624995308,1.669875755741585,1.7982956562730479,2.0282159005379663,2.014551993016,1.815804639513839,2.022038916536368
apache,2.282877777023816,2.345120513108575,2.220565260123932,2.2240467966950064,2.0229228822655703,2.151031376022364,2.3186079774963044,1.9969673065762839,1.7764350000819693,1.5964435772047718,1.4822877685256963,1.3349228136919886,1.3739551833208834,1.738984037050395,1.7805874488965507,1.7160354915402607,2.048279296142983,2.339974217798779,2.4487551889868966,2.355602877735803,2.464197852516339,2.3821625814253835,2.4547813929887514,2.6918274309869137,2.692281050696847,2.6959850865380512,2.813722042262505
scikit-learn,4.229401514464634,4.289563434048004,4.014708777189083,3.7067045804106242,2.9858494218682194,3.5468579870553576,3.521120284393261,3.3054459057877628,3.2188370442077723,3.2036092344483,3.3404197492379932,2.9621455326165638,2.617556985909564,2.6664643583525285,2.907141976815124,2.635877350154925,2.691686388939061,2.8964767670536626,2.733675624194005,2.1909332415607508,2.1640701490350525,2.111873007248203,2.3487428401150034,2.4780579042966706,2.5203722724484234,2.3106315454349247,2.6515663569025922
laravel,3.9848124838627577,3.945640422333209,3.7434780542472095,3.7163709430797103,3.6361282423079517,3.417427363272721,3.432808280842221,3.43375253737752,3.2905715195319285,2.9674444399625526,2.749784937153793,2.3550559578370684,2.4588118999493105,2.7137332520795763,2.8015501783432377,2.5178446498701015,2.589628584155154,2.630093352752317,2.6000658142609687,2.564933885116959,2.6972394587939115,2.5890529841443453,2.2981603394032786,2.207818857905779,2.2846686511072782,2.3148606564199756,2.5074601045774543
ethereum,1.2355625186879227,1.0714126756728963,1.43071115656269,1.128225405936195,1.0,1.0,1.0,1.0,1.1375892301032908,1.0,1.0,1.0,1.0053442886355737,1.2378247161303424,1.3390542127860403,1.205114284941486,1.6119330611921816,2.1098682539198466,2.100560006713991,1.9712148825363245,2.149944464865501,2.205312630588287,2.015540063250021,1.8436238112198704,2.2654407384710824,2.0536009293994244,2.1910494940882463
ant-design,6.051995363121647,5.856060840141331,5.576438138855386,5.1651782604910546,4.723498160314871,4.6926886948550015,4.662992615625059,4.1120784533348145,4.1030824414712495,3.758184312316961,3.438838364701466,3.3887846697812756,3.048720552190796,2.9916303360277796,3.349368885245507,3.4400091144013833,3.634914876104543,3.7910541744901494,3.700206075437732,3.593524407240469,3.7230925104262806,3.7470640295961557,4.362166023299141,4.723441554191168,4.439429412240907,4.408110651837884,4.438537231248828
rails,3.4772562289270152,3.610714821934431,3.607609459498649,3.59492030855461,3.2425308758027325,3.8028537704855223,3.834283931571694,3.3583406008859753,2.9874837106459884,2.6241493268657554,2.087428456463865,2.251239453788257,2.0821645871849244,2.1424590935338035,2.042714480688576,1.4791730351672219,1.803656629644466,2.0540938305558365,1.9819505930030228,1.8240542013486845,1.9024520735187322,1.6260549213323974,1.6267322863511624,1.8021838292991776,2.1110992727564737,2.147482449919988,2.32291799541625
vectordotdev,2.6003476545217046,2.5279235987363964,2.4787791534283845,2.352416389811188,2.0911981406448232,2.245490777097758,2.419616487075099,2.165942167325111,1.8791106742339583,1.814944258102786,1.818283234645772,1.5196729518485412,1.3426591914110797,1.596300655018938,1.5005284303666642,1.4191900185401007,1.4480677588816389,1.687773907902176,1.7167333875751414,1.55479753276096,1.6168952236939602,1.5546747100933125,1.723389699689793,1.9264035326627618,1.9828601705670308,1.880106181095267,2.039284437664606
gatsbyjs,5.744595888823296,5.677446774910653,5.602033687224175,5.209230816908868,4.698617059106605,4.6879296164396305,4.414501514646524,3.904241189445253,3.730226457767329,3.271763082000986,3.003773545216782,2.1184247881478635,1.9894970411341832,2.144900862188345,2.1010607595435022,1.7413809585190894,1.8417404125648633,2.0143826580998603,2.0158342578088675,1.6729499900395808,1.4145354529373004,1.3622046581445186,1.1109547087577463,1.3362703685697115,1.4237398346657828,1.0,1.0
